<?xml version="1.0"?>
<!--<!DOCTYPE metadata SYSTEM "http://www.esri.com/metadata/esriprof80.dtd">-->
<metadata xml:lang="en"><Esri><CreaDate>20090702</CreaDate><CreaTime>12155800</CreaTime><SyncOnce>TRUE</SyncOnce><DataProperties><lineage><Process Name="Merge_1" ToolSource="C:\Program Files\ArcGIS\ArcToolbox\Toolboxes\Data Management Tools.tbx\Merge" Date="20090701" Time="162442">Merge L:\steuck\projects\ned\ned_1arcsec\grid\covs\merge_a_g.shp;L:\steuck\projects\ned\ned_1arcsec\grid\covs\merge_b_g.shp;L:\steuck\projects\ned\ned_1arcsec\grid\covs\merge_c_g.shp;L:\steuck\projects\ned\ned_1arcsec\grid\covs\merge_d_g.shp;L:\steuck\projects\ned\ned_1arcsec\grid\covs\merge_e_g.shp;L:\steuck\projects\ned\ned_1arcsec\grid\covs\merge_f_g.shp;L:\steuck\projects\ned\ned_1arcsec\grid\covs\merge_g_g.shp;L:\steuck\projects\ned\ned_1arcsec\grid\covs\merge_h_g.shp;L:\steuck\projects\ned\ned_1arcsec\grid\covs\merge_i_g.shp;L:\steuck\projects\ned\ned_1arcsec\grid\covs\merge_j_g.shp L:\steuck\projects\ned\ned_1arcsec\grid\covs\ned_1arcsec_g.shp "AREA AREA true false false 13 Double 3 12 ,First,#,L:\steuck\projects\ned\ned_1arcsec\grid\covs\merge_a_g.shp,AREA,-1,-1,L:\steuck\projects\ned\ned_1arcsec\grid\covs\merge_b_g.shp,AREA,-1,-1,L:\steuck\projects\ned\ned_1arcsec\grid\covs\merge_c_g.shp,AREA,-1,-1,L:\steuck\projects\ned\ned_1arcsec\grid\covs\merge_d_g.shp,AREA,-1,-1,L:\steuck\projects\ned\ned_1arcsec\grid\covs\merge_e_g.shp,AREA,-1,-1,L:\steuck\projects\ned\ned_1arcsec\grid\covs\merge_f_g.shp,AREA,-1,-1,L:\steuck\projects\ned\ned_1arcsec\grid\covs\merge_g_g.shp,AREA,-1,-1,L:\steuck\projects\ned\ned_1arcsec\grid\covs\merge_h_g.shp,AREA,-1,-1,L:\steuck\projects\ned\ned_1arcsec\grid\covs\merge_i_g.shp,AREA,-1,-1,L:\steuck\projects\ned\ned_1arcsec\grid\covs\merge_j_g.shp,AREA,-1,-1;PERIMETER PERIMETER true false false 13 Double 3 12 ,First,#,L:\steuck\projects\ned\ned_1arcsec\grid\covs\merge_a_g.shp,PERIMETER,-1,-1,L:\steuck\projects\ned\ned_1arcsec\grid\covs\merge_b_g.shp,PERIMETER,-1,-1,L:\steuck\projects\ned\ned_1arcsec\grid\covs\merge_c_g.shp,PERIMETER,-1,-1,L:\steuck\projects\ned\ned_1arcsec\grid\covs\merge_d_g.shp,PERIMETER,-1,-1,L:\steuck\projects\ned\ned_1arcsec\grid\covs\merge_e_g.shp,PERIMETER,-1,-1,L:\steuck\projects\ned\ned_1arcsec\grid\covs\merge_f_g.shp,PERIMETER,-1,-1,L:\steuck\projects\ned\ned_1arcsec\grid\covs\merge_g_g.shp,PERIMETER,-1,-1,L:\steuck\projects\ned\ned_1arcsec\grid\covs\merge_h_g.shp,PERIMETER,-1,-1,L:\steuck\projects\ned\ned_1arcsec\grid\covs\merge_i_g.shp,PERIMETER,-1,-1,L:\steuck\projects\ned\ned_1arcsec\grid\covs\merge_j_g.shp,PERIMETER,-1,-1;FILE_ID FILE_ID true false false 20 Text 0 0 ,First,#,L:\steuck\projects\ned\ned_1arcsec\grid\covs\merge_a_g.shp,FILE_ID,-1,-1,L:\steuck\projects\ned\ned_1arcsec\grid\covs\merge_b_g.shp,FILE_ID,-1,-1,L:\steuck\projects\ned\ned_1arcsec\grid\covs\merge_c_g.shp,FILE_ID,-1,-1,L:\steuck\projects\ned\ned_1arcsec\grid\covs\merge_d_g.shp,FILE_ID,-1,-1,L:\steuck\projects\ned\ned_1arcsec\grid\covs\merge_e_g.shp,FILE_ID,-1,-1,L:\steuck\projects\ned\ned_1arcsec\grid\covs\merge_f_g.shp,FILE_ID,-1,-1,L:\steuck\projects\ned\ned_1arcsec\grid\covs\merge_g_g.shp,FILE_ID,-1,-1,L:\steuck\projects\ned\ned_1arcsec\grid\covs\merge_h_g.shp,FILE_ID,-1,-1,L:\steuck\projects\ned\ned_1arcsec\grid\covs\merge_i_g.shp,FILE_ID,-1,-1,L:\steuck\projects\ned\ned_1arcsec\grid\covs\merge_j_g.shp,FILE_ID,-1,-1"</Process></lineage></DataProperties><MetaID>{5E09F96E-1E8E-46FF-8DF3-D3B9E54DE660}</MetaID></Esri><idinfo><citation><citeinfo><onlink Sync="TRUE">\\edcsns22\load\steuck\projects\ned\ned_1arcsec\grid\grid\grid\ned_1arcsec_g</onlink></citeinfo></citation></idinfo><distInfo><distributor><distorTran><onLineSrc><linkage Sync="TRUE">file://\\edcsns22\load\steuck\projects\ned\ned_1arcsec\grid\grid\grid\ned_1arcsec_g</linkage><protocol Sync="TRUE">Local Area Network</protocol></onLineSrc></distorTran></distributor></distInfo><dataqual><lineage><procstep><procdesc Sync="TRUE">Dataset copied.</procdesc><srcused Sync="TRUE">L:\steuck\projects\ned\ned_1arcsec\grid\covs\ned_1arcsec_g</srcused><date Sync="TRUE">20090702</date><time Sync="TRUE">12155800</time></procstep></lineage></dataqual></metadata>
